INSERT INTO country(id,name) VALUES
(1,'Afganistanas'),
(2,'Airija'),
(3,'Alandų Salos'),
(4,'Albanija'),
(5,'Alžyras'),
(6,'Amerikos Samoa'),
(7,'Andora'),
(8,'Angilija'),
(9,'Angola'),
(10,'Antarktida'),
(11,'Antigva ir Barbuda'),
(12,'Argentina'),
(13,'Armėnija'),
(14,'Aruba'),
(15,'Australija'),
(16,'Austrija'),
(17,'Azerbaidžanas'),
(18,'Bahamos'),
(19,'Bahreinas'),
(20,'Baltarusija'),
(21,'Bangladešas'),
(22,'Barbadosas'),
(23,'Belgija'),
(24,'Belizas'),
(25,'Beninas'),
(26,'Bermuda'),
(27,'Bisau Gvinėja'),
(28,'Bolivija'),
(29,'Bosnija ir Hercegovina'),
(30,'Botsvana'),
(31,'Brazilija'),
(32,'Brunėjus'),
(33,'Bulgarija'),
(34,'Burkina Fasas'),
(35,'Burundis'),
(36,'Butanas'),
(37,'Centrinės Afrikos Respublika'),
(38,'Čadas'),
(39,'Čekija'),
(40,'Čilė'),
(41,'Dangun Žengimo sala'),
(42,'Danija'),
(43,'Didžiosios Britanijos Mergelių Salos'),
(44,'Diego Garsija'),
(45,'Dominika'),
(46,'Dominikos Respublika'),
(47,'Dramblio Kaulo Krantas'),
(48,'Džersis'),
(49,'Džibutis'),
(50,'Egiptas'),
(51,'Ekvadoras'),
(52,'Eritrėja'),
(53,'Estija'),
(54,'Etiopija'),
(55,'Eurozone'),
(56,'Farerų Salos'),
(57,'Fidžis'),
(58,'Filipinai'),
(59,'Folklando Salos'),
(60,'Gabonas'),
(61,'Gajana'),
(62,'Gambija'),
(63,'Gana'),
(64,'Gernsis'),
(65,'Gibraltaras'),
(66,'Graikija'),
(67,'Grenada'),
(68,'Grenlandija'),
(69,'Gruzija'),
(70,'Guamas'),
(71,'Gvadelupa'),
(72,'Gvatemala'),
(73,'Gvinėja'),
(74,'Haitis'),
(75,'Hondūras'),
(76,'Indija'),
(77,'Indijos Vandenyno Britų Sritis'),
(78,'Indonezija'),
(79,'Ypatingasis Administracinis Kinijos Regionas Honkongas'),
(80,'Ypatingasis Administracinis Kinijos Regionas Makao'),
(81,'Irakas'),
(82,'Iranas'),
(83,'Islandija'),
(84,'Ispanija'),
(85,'Italija'),
(86,'Izraelis'),
(87,'Jamaika'),
(88,'Japonija'),
(89,'Jemenas'),
(90,'Jordanija'),
(91,'Jungtinė Karalystė'),
(92,'Jungtinės Tautos'),
(93,'Jungtinės Valstijos'),
(94,'Jungtiniai Arabų Emyratai'),
(95,'Jungtinių Valstijų Mažosios Tolimosios Salos'),
(96,'Jungtinių Valstijų Mergelių Salos'),
(97,'Juodkalnija'),
(98,'Kaimanų Salos'),
(99,'Kalėdų Sala'),
(100,'Kambodža'),
(101,'Kamerūnas'),
(102,'Kanada'),
(103,'Kanarų salos'),
(104,'Karibų Nyderlandai'),
(105,'Kataras'),
(106,'Kazachstanas'),
(107,'Kenija'),
(108,'Kinija'),
(109,'Kipras'),
(110,'Kirgizija'),
(111,'Kiribatis'),
(112,'Kiurasao'),
(113,'Kokosų (Kilingo) Salos'),
(114,'Kolumbija'),
(115,'Komorai'),
(116,'Kongas-Brazavilis'),
(117,'Kongas-Kinšasa'),
(118,'Kosovas'),
(119,'Kosta Rika'),
(120,'Kroatija'),
(121,'Kuba'),
(122,'Kuko Salos'),
(123,'Kuveitas'),
(124,'Laosas'),
(125,'Latvija'),
(126,'Lenkija'),
(127,'Lesotas'),
(128,'Libanas'),
(129,'Liberija'),
(130,'Libija'),
(131,'Lichtenšteinas'),
(132,'Lietuva'),
(133,'Liuksemburgas'),
(134,'Madagaskaras'),
(135,'Majotas'),
(136,'Makedonija'),
(137,'Malaizija'),
(138,'Malavis'),
(139,'Maldyvai'),
(140,'Malis'),
(141,'Malta'),
(142,'Marianos Šiaurinės Salos'),
(143,'Marokas'),
(144,'Maršalo Salos'),
(145,'Martinika'),
(146,'Mauricijus'),
(147,'Mauritanija'),
(148,'Meksika'),
(149,'Meno Sala'),
(150,'Mianmaras (Birma)'),
(151,'Mikronezija'),
(152,'Moldova'),
(153,'Monakas'),
(154,'Mongolija'),
(155,'Montseratas'),
(156,'Mozambikas'),
(157,'Namibija'),
(158,'Naujoji Kaledonija'),
(159,'Naujoji Zelandija'),
(160,'Nauru'),
(161,'Nepalas'),
(162,'Nyderlandai'),
(163,'Nigerija'),
(164,'Nigeris'),
(165,'Nikaragva'),
(166,'Niujė'),
(167,'Norfolko sala'),
(168,'Norvegija'),
(169,'Omanas'),
(170,'Pakistanas'),
(171,'Palau'),
(172,'Palestinos teritorija'),
(173,'Panama'),
(174,'Papua Naujoji Gvinėja'),
(175,'Paragvajus'),
(176,'Peru'),
(177,'Pietų Afrika'),
(178,'Pietų Džordžija ir Pietų Sandvičo salos'),
(179,'Pietų Korėja'),
(180,'Pietų Sudanas'),
(181,'Pitkerno salos'),
(182,'Portugalija'),
(183,'Prancūzija'),
(184,'Prancūzijos Gviana'),
(185,'Prancūzijos Pietų sritys'),
(186,'Prancūzijos Polinezija'),
(187,'Puerto Rikas'),
(188,'Pusiaujo Gvinėja'),
(189,'Reunjonas'),
(190,'Rytų Timoras'),
(191,'Ruanda'),
(192,'Rumunija'),
(193,'Rusija'),
(194,'Saliamono Salos'),
(195,'Salvadoras'),
(196,'Samoa'),
(197,'San Marinas'),
(198,'San Tomė ir Prinsipė'),
(199,'Saudo Arabija'),
(200,'Seišeliai'),
(201,'Sen Bartelemi'),
(202,'Sen Martenas'),
(203,'Sen Pjeras ir Mikelonas'),
(204,'Senegalas'),
(205,'Sent Kitsas ir Nevis'),
(206,'Sent Lusija'),
(207,'Serbija'),
(208,'Seuta ir Melila'),
(209,'Siera Leonė'),
(210,'Singapūras'),
(211,'Sint Martenas'),
(212,'Sirija'),
(213,'Slovakija'),
(214,'Slovėnija'),
(215,'Somalis'),
(216,'Sudanas'),
(217,'Suomija'),
(218,'Surinamas'),
(219,'Svalbardas ir Janas Majenas'),
(220,'Svazilandas'),
(221,'Šiaurės Korėja'),
(222,'Šri Lanka'),
(223,'Šv. Elenos Sala'),
(224,'Švedija'),
(225,'Šveicarija'),
(226,'Šventasis Vincentas ir Grenadinai'),
(227,'Tadžikija'),
(228,'Tailandas'),
(229,'Taivanas'),
(230,'Tanzanija'),
(231,'Terkso ir Kaikoso Salos'),
(232,'Togas'),
(233,'Tokelau'),
(234,'Tonga'),
(235,'Trinidadas ir Tobagas'),
(236,'Tristanas da Kunja'),
(237,'Tunisas'),
(238,'Turkija'),
(239,'Turkmėnistanas'),
(240,'Tuvalu'),
(241,'Uganda'),
(242,'Ukraina'),
(243,'Urugvajus'),
(244,'Uzbekistanas'),
(245,'Vakarų Sachara'),
(246,'Vanuatu'),
(247,'Vatikano Miesto Valstybė'),
(248,'Venesuela'),
(249,'Vengrija'),
(250,'Vietnamas'),
(251,'Vokietija'),
(252,'Volisas ir Futūna'),
(253,'Zambija'),
(254,'Zimbabvė'),
(255,'Žaliasis Kyšulys');

INSERT INTO customer(id,name,surname,email,country_id,city,address,phone_number) VALUES
(1,'Petras','Tereškevičius','petrastereskevicius@outlook.com',132,'Panevėžys','Ežerų g. 57-16','+37067282953'),
(2,'Gabrielius','Gabrielaitis','gabrieliusgabrielaitis@gmail.com',132,'Lazdijai','Sodų g. 211-91','+37062029991'),
(3,'Marius','Gabrielaitis','mariusgabrielaitis@yahoo.com',132,'Vilnius','Liepų g. 172-87','+37061069172'),
(4,'Lukas','Grigonis','lukasgrigonis@yahoo.com',132,'Šiauliai','Parko g. 196-51','+37068990417'),
(5,'Christiane','Osmanski','christianeosmanski@gmail.com',15,'Williamstown','85 Nw Frontage Rd, WA','+61418813310'),
(6,'Austėja','Vilimaitė','austejavilimaite@yahoo.com',132,'Klaipėda','Rudens g. 46-51','+37068436626'),
(7,'Aušra','Jocienė','ausrajociene@gmail.com',132,'Kretinga','Parko g. 87-51','+37069537463'),
(8,'Lukas','Petraitis','lukaspetraitis@outlook.com',132,'Kretinga','Laukų g. 120-86','+37062787040'),
(9,'Rimantas','Petraitis','rimantaspetraitis@outlook.com',132,'Panevėžys','Vilniaus g. 94-117','+37066897352'),
(10,'Austėja','Lazarevičiūtė','austejalazareviciute@gmail.com',132,'Marijampolė','Vilniaus g. 193-117','+37067166940'),
(11,'Mindaugas','Lapinas','mindaugaslapinas@outlook.com',132,'Panevėžys','Miško g. 7-171','+37064504236'),
(12,'Gabija','Marcinkevičiūtė','gabijamarcinkeviciute@gmail.com',132,'Marijampolė','Liepų g. 125-8','+37067718499'),
(13,'Albertas','Petraitis','albertaspetraitis@gmail.com',132,'Kretinga','Sodų g. 176-73','+37063007119'),
(14,'Edgaras','Levinskas','edgaraslevinskas@outlook.com',132,'Lazdijai','Beržų g. 54-121','+37069509081'),
(15,'Ugnė','Jocienė','ugnejociene@outlook.com',132,'Klaipėda','Parko g. 87-40','+37068341461'),
(16,'Mindaugas','Tereškevičius','mindaugastereskevicius@outlook.com',132,'Utena','Pušyno g. 29-42','+37068461812'),
(17,'Aušra','Lazarevičiūtė','ausralazareviciute@yahoo.com',132,'Kretinga','Pievų g. 143-163','+37068070479'),
(18,'Darius','Jonaitis','dariusjonaitis@yahoo.com',132,'Panevėžys','Laukų g. 75-112','+37066840369'),
(19,'Lukas','Jonaitis','lukasjonaitis@outlook.com',132,'Kretinga','Pievų g. 177-91','+37066184721'),
(20,'Saulė','Marcinkevičiūtė','saulemarcinkeviciute@yahoo.com',132,'Marijampolė','Klevų g. 65-5','+37067934588'),
(21,'Antanas','Levinskas','antanaslevinskas@gmail.com',132,'Klaipėda','Parko g. 100-51','+37063875390'),
(22,'Tautvilė','Lasevičiūtė','tautvilelaseviciute@yahoo.com',132,'Kaunas','Ežerų g. 57-16','+37065330150'),
(23,'Jurgita','Levinskaitė','jurgitalevinskaite@yahoo.com',132,'Kaunas','Laukų g. 120-129','+37064147188'),
(24,'Edgar','Kanne','edgarkanne@gmail.com',91,'New Milton','99 Guthrie St','+4401342793603'),
(25,'Morta','Vilimaitė','mortavilimaite@outlook.com',132,'Ignalina','Pušyno g. 24-10','+37068236395');

INSERT INTO orders(id,customer_id,date,quantity,total_price) VALUES
(1,1,'2017-12-01',16,152.0),
(2,2,'2017-12-02',21,199.5),
(3,3,'2017-12-03',34,323.0),
(4,4,'2017-12-05',1,9.5),
(5,5,'2017-12-10',45,427.5),
(6,6,'2017-12-11',12,114.0),
(7,5,'2017-12-11',14,133.0),
(8,7,'2017-12-12',22,209.0),
(9,8,'2017-12-13',7,66.5),
(10,9,'2017-12-14',49,465.5),
(11,5,'2017-12-15',19,180.5),
(12,10,'2017-12-16',7,66.5),
(13,6,'2017-12-17',33,313.5),
(14,11,'2017-12-17',10,95.0),
(15,1,'2017-12-18',20,190.0),
(16,12,'2017-12-18',29,275.5),
(17,13,'2017-12-19',43,408.5),
(18,14,'2017-12-20',14,133.0),
(19,7,'2017-12-21',42,399.0),
(20,11,'2017-12-23',14,133.0),
(21,15,'2018-01-02',10,95.0),
(22,16,'2018-01-02',6,57.0),
(23,17,'2018-01-03',11,104.5),
(24,9,'2018-01-05',35,332.5),
(25,18,'2018-01-10',26,247.0),
(26,5,'2018-01-11',19,180.5),
(27,19,'2018-01-11',14,133.0),
(28,18,'2018-01-13',48,456.0),
(29,7,'2018-01-15',3,28.5),
(30,20,'2018-01-15',35,332.5),
(31,21,'2018-01-16',26,247.0),
(32,10,'2018-01-17',42,399.0),
(33,16,'2018-01-18',36,342.0),
(34,13,'2018-01-22',33,313.5),
(35,15,'2018-01-24',32,304.0),
(36,19,'2018-01-25',12,114.0),
(37,22,'2018-01-26',39,370.5),
(38,6,'2018-01-27',24,228.0),
(39,14,'2018-01-28',29,275.5),
(40,17,'2018-01-28',29,275.5),
(41,23,'2018-01-29',27,256.5),
(42,16,'2018-01-29',13,123.5),
(43,2,'2018-01-31',32,304.0),
(44,22,'2018-02-02',11,104.5),
(45,15,'2018-02-03',4,38.0),
(46,24,'2018-02-05',37,351.5),
(47,22,'2018-02-05',12,114.0),
(48,25,'2018-02-07',47,446.5),
(49,19,'2018-02-09',36,342.0),
(50,23,'2018-02-10',2,19.0);
